student_id,Иностранный язык,История России,Основы проектной деятельности,Аналитическая геометрия,Высшая алгебра,Дискретная математика и теория алгоритмов,История России.1,Математическая логика,Математический анализ,Программирование
0,,,,,,,,,,
1,5.0,5.0,5.0,5.0,3.0,5.0,,4.0,5.0,3.0
2,5.0,5.0,5.0,4.0,5.0,3.0,5.0,4.0,4.0,5.0
3,4.0,4.0,5.0,5.0,5.0,5.0,4.0,5.0,5.0,5.0
4,4.0,5.0,5.0,3.0,3.0,3.0,5.0,3.0,4.0,4.0
5,5.0,4.0,5.0,4.0,5.0,5.0,4.0,4.0,5.0,5.0
6,5.0,5.0,5.0,3.0,4.0,5.0,5.0,5.0,4.0,5.0
7,3.0,4.0,4.0,3.0,4.0,5.0,4.0,3.0,3.0,3.0
8,5.0,5.0,5.0,3.0,3.0,4.0,5.0,3.0,3.0,3.0
9,5.0,4.0,5.0,5.0,5.0,3.0,,3.0,5.0,4.0
10,,,,,,,,,,
11,5.0,4.0,4.0,,,,4.0,,,
12,,,,,,,,,,
13,5.0,4.0,,5.0,5.0,,5.0,5.0,5.0,
14,5.0,5.0,5.0,3.0,3.0,3.0,5.0,4.0,3.0,3.0
15,,3.0,5.0,3.0,,3.0,3.0,4.0,2.0,3.0
16,5.0,3.0,5.0,,,3.0,,,,
17,,3.0,,3.0,,,,,,
18,,3.0,,,3.0,3.0,,,2.0,
19,5.0,5.0,5.0,4.0,4.0,4.0,5.0,3.0,4.0,5.0
20,4.0,4.0,5.0,3.0,3.0,3.0,4.0,3.0,3.0,3.0
21,4.0,5.0,,3.0,4.0,3.0,,3.0,3.0,3.0
22,5.0,5.0,5.0,4.0,3.0,5.0,5.0,3.0,5.0,5.0
23,3.0,5.0,5.0,3.0,4.0,3.0,5.0,3.0,3.0,3.0
24,5.0,5.0,4.0,4.0,3.0,5.0,5.0,5.0,3.0,4.0
25,4.0,4.0,3.0,4.0,4.0,4.0,5.0,,5.0,4.0
26,5.0,5.0,5.0,4.0,5.0,3.0,5.0,5.0,5.0,5.0
27,,3.0,,3.0,4.0,3.0,,,3.0,
28,5.0,4.0,3.0,4.0,5.0,4.0,,4.0,5.0,3.0
29,4.0,5.0,4.0,3.0,4.0,5.0,5.0,5.0,5.0,3.0
30,5.0,4.0,5.0,3.0,3.0,5.0,5.0,4.0,4.0,3.0
31,5.0,5.0,5.0,3.0,4.0,3.0,5.0,5.0,4.0,3.0
32,5.0,,4.0,,,,4.0,4.0,4.0,
33,4.0,4.0,5.0,3.0,4.0,3.0,5.0,4.0,5.0,4.0
34,,4.0,,,4.0,3.0,,,2.0,
35,,3.0,,2.0,,2.0,,,2.0,
36,,4.0,,,3.0,,,,,
37,,,,,,2.0,,,,
38,3.0,4.0,4.0,2.0,3.0,3.0,4.0,3.0,3.0,3.0
39,4.0,5.0,5.0,4.0,3.0,4.0,5.0,3.0,4.0,5.0
40,,5.0,,4.0,3.0,3.0,,,3.0,
41,,,,,,,,,,
42,,4.0,,3.0,3.0,3.0,,,,
43,3.0,,,,2.0,,5.0,4.0,4.0,5.0
44,,5.0,,3.0,3.0,,,,3.0,
45,,4.0,,,,,,,,
46,4.0,5.0,5.0,3.0,4.0,3.0,5.0,4.0,3.0,3.0
47,,4.0,,3.0,3.0,2.0,,,2.0,
48,,3.0,,,,2.0,,,,
49,,3.0,,,,3.0,,,2.0,
50,,3.0,,,,,,,,
51,,5.0,,3.0,3.0,3.0,,,2.0,
52,,4.0,5.0,,,3.0,,,,
53,,,,,,,,,,
54,5.0,5.0,4.0,4.0,4.0,5.0,5.0,5.0,3.0,5.0
55,,4.0,,,,,,,,
56,5.0,5.0,5.0,4.0,5.0,5.0,5.0,4.0,5.0,5.0
57,4.0,4.0,5.0,3.0,3.0,3.0,5.0,3.0,3.0,4.0
58,5.0,4.0,4.0,3.0,4.0,5.0,4.0,5.0,3.0,4.0
59,5.0,5.0,5.0,5.0,5.0,5.0,5.0,5.0,5.0,5.0
60,3.0,3.0,5.0,4.0,4.0,5.0,,5.0,3.0,5.0
61,5.0,4.0,5.0,3.0,3.0,3.0,4.0,3.0,4.0,4.0
62,3.0,5.0,3.0,3.0,3.0,3.0,4.0,3.0,3.0,4.0
63,4.0,5.0,5.0,4.0,3.0,,5.0,4.0,4.0,4.0
64,5.0,4.0,5.0,,3.0,4.0,4.0,3.0,3.0,5.0
65,4.0,5.0,5.0,3.0,3.0,3.0,5.0,3.0,3.0,3.0
66,5.0,4.0,5.0,5.0,4.0,5.0,5.0,5.0,5.0,5.0
67,5.0,5.0,4.0,5.0,5.0,5.0,5.0,5.0,5.0,5.0
68,5.0,4.0,5.0,3.0,4.0,3.0,,3.0,3.0,3.0
69,3.0,4.0,4.0,4.0,4.0,3.0,,5.0,4.0,3.0
70,5.0,3.0,,3.0,3.0,3.0,3.0,2.0,3.0,
71,5.0,5.0,4.0,4.0,5.0,3.0,5.0,5.0,5.0,5.0
72,5.0,5.0,5.0,4.0,5.0,5.0,5.0,5.0,4.0,4.0
73,5.0,3.0,3.0,3.0,3.0,3.0,,4.0,3.0,3.0
74,5.0,3.0,4.0,,,4.0,3.0,,,
75,5.0,5.0,5.0,5.0,5.0,4.0,5.0,5.0,5.0,5.0
76,,,,,,,,,,
77,,5.0,,,,,,,,
78,5.0,4.0,4.0,,,3.0,4.0,,,
79,4.0,5.0,5.0,3.0,3.0,3.0,5.0,4.0,4.0,5.0
80,5.0,5.0,5.0,,,3.0,5.0,,,
81,3.0,4.0,,,3.0,,4.0,,,2.0
82,4.0,4.0,4.0,4.0,3.0,4.0,4.0,3.0,3.0,5.0
83,5.0,5.0,5.0,3.0,4.0,5.0,5.0,4.0,5.0,5.0
84,4.0,4.0,4.0,3.0,3.0,3.0,4.0,3.0,3.0,4.0
85,5.0,5.0,5.0,5.0,3.0,5.0,5.0,4.0,3.0,3.0
86,5.0,5.0,4.0,4.0,3.0,3.0,5.0,3.0,4.0,4.0
87,5.0,5.0,5.0,4.0,5.0,5.0,5.0,4.0,5.0,5.0
88,5.0,5.0,5.0,4.0,4.0,4.0,5.0,4.0,4.0,4.0
89,4.0,4.0,2.0,,,3.0,3.0,,,
90,5.0,5.0,4.0,4.0,5.0,4.0,5.0,3.0,3.0,5.0
91,4.0,4.0,4.0,3.0,3.0,4.0,5.0,5.0,4.0,3.0
92,,4.0,,2.0,,2.0,,,,
93,5.0,5.0,5.0,5.0,5.0,5.0,5.0,5.0,5.0,5.0
94,5.0,5.0,5.0,3.0,5.0,5.0,5.0,5.0,3.0,3.0
95,5.0,5.0,3.0,3.0,3.0,3.0,,3.0,3.0,3.0
96,,5.0,,,2.0,3.0,,,,
97,4.0,5.0,4.0,3.0,3.0,5.0,5.0,3.0,4.0,3.0
98,5.0,5.0,5.0,3.0,5.0,4.0,5.0,4.0,3.0,4.0
99,5.0,5.0,5.0,4.0,5.0,5.0,5.0,4.0,5.0,5.0
100,4.0,4.0,5.0,5.0,4.0,5.0,4.0,5.0,4.0,5.0
101,5.0,4.0,,4.0,4.0,4.0,5.0,3.0,3.0,4.0
102,4.0,4.0,2.0,,,3.0,4.0,,,
103,4.0,5.0,5.0,3.0,3.0,3.0,5.0,3.0,3.0,3.0
104,5.0,5.0,5.0,5.0,5.0,5.0,5.0,5.0,5.0,3.0
105,5.0,5.0,4.0,3.0,3.0,3.0,5.0,2.0,3.0,
106,5.0,5.0,5.0,3.0,3.0,3.0,5.0,3.0,3.0,4.0
107,5.0,5.0,5.0,5.0,4.0,5.0,5.0,3.0,4.0,4.0
108,5.0,5.0,5.0,5.0,5.0,5.0,5.0,5.0,5.0,5.0
109,5.0,3.0,4.0,3.0,3.0,3.0,,3.0,3.0,3.0
110,5.0,5.0,4.0,,,3.0,5.0,5.0,3.0,3.0
111,5.0,4.0,5.0,3.0,3.0,5.0,5.0,3.0,3.0,3.0
112,5.0,5.0,,3.0,,3.0,5.0,3.0,2.0,3.0
113,,,,,,,,,,
114,5.0,5.0,5.0,3.0,3.0,3.0,5.0,3.0,3.0,3.0
115,5.0,5.0,5.0,5.0,5.0,5.0,5.0,5.0,5.0,3.0
116,3.0,5.0,4.0,4.0,5.0,4.0,,4.0,4.0,5.0
117,4.0,4.0,5.0,4.0,4.0,,4.0,5.0,4.0,3.0
118,5.0,5.0,,3.0,3.0,,5.0,4.0,4.0,4.0
119,5.0,5.0,4.0,2.0,,3.0,5.0,,3.0,
120,5.0,4.0,5.0,4.0,4.0,4.0,4.0,3.0,4.0,4.0
121,4.0,4.0,5.0,3.0,3.0,3.0,4.0,4.0,3.0,3.0
122,4.0,5.0,4.0,3.0,3.0,3.0,5.0,3.0,3.0,4.0
123,,5.0,,,,3.0,,,,
124,5.0,4.0,4.0,4.0,5.0,4.0,4.0,5.0,4.0,5.0
125,5.0,4.0,5.0,,,3.0,4.0,5.0,3.0,3.0
126,4.0,5.0,5.0,4.0,5.0,5.0,5.0,4.0,3.0,5.0
127,4.0,5.0,,4.0,4.0,4.0,,4.0,4.0,4.0
128,5.0,4.0,5.0,4.0,4.0,5.0,5.0,4.0,4.0,4.0
129,5.0,5.0,4.0,4.0,3.0,5.0,5.0,3.0,4.0,4.0
130,4.0,4.0,4.0,4.0,3.0,3.0,4.0,4.0,4.0,3.0
131,5.0,5.0,4.0,5.0,5.0,5.0,5.0,3.0,5.0,5.0
132,5.0,5.0,5.0,4.0,4.0,3.0,5.0,4.0,4.0,5.0
133,4.0,4.0,4.0,4.0,5.0,5.0,4.0,5.0,4.0,4.0
134,4.0,5.0,,5.0,5.0,5.0,,5.0,5.0,
135,,,,,,,,,,
136,,4.0,,,,,,,,
137,,,,,,,,,,
